{"count":1,"self":9.1840672,"total":9.8512747,"children":{"InitializeSensors":{"count":32,"self":0.0041240999999999995,"total":0.0041240999999999995,"children":null},"AgentSendState":{"count":253,"self":0.028185099999999998,"total":0.0560873,"children":{"CollectObservations":{"count":1632,"self":0.0063542999999999994,"total":0.0063542999999999994,"children":null},"CollectDiscreteActionMasks":{"count":1632,"self":0.0030353999999999997,"total":0.0030353999999999997,"children":null},"RequestDecision":{"count":1632,"self":0.018512499999999998,"total":0.018512499999999998,"children":null}}},"DecideAction":{"count":253,"self":0.42509169999999996,"total":0.5819786,"children":{"RayPerceptionSensor.Perceive":{"count":3264,"self":0.1568869,"total":0.1568869,"children":null}}},"AgentAct":{"count":253,"self":0.0220257,"total":0.0220257,"children":null}},"gauges":{"PushBlock.CumulativeReward":{"count":71,"max":4.9942,"min":4.966,"runningAverage":4.98369265,"value":4.9838,"weightedAverage":4.98597336}},"metadata":{"timer_format_version":"0.1.0","start_time_seconds":"1600265860","unity_version":"2018.4.24f1","command_line_arguments":"C:\\Program Files\\Unity 2019\\2018.4.24f1\\Editor\\Unity.exe -projectpath D:\/ML-Agents\/Project -useHub -hubIPC -cloudEnvironment production -hubSessionId 79d68c10-f766-11ea-8413-59542a95c917 -accessToken B7ah6xAtn9CzFBaTwRSMq7bWyJLQGj18y0vqslu1rKI00cf","communication_protocol_version":"1.0.0","com.unity.ml-agents_version":"1.3.0-preview","scene_name":"PushBlock","end_time_seconds":"1600265869"}}